year,peninsula,species,count
1993,B,BCNH,1
1994,B,BCNH,1
1996,B,BCNH,2
1997,B,BCNH,2
1993,B,BCNH,1
1997,B,BCNH,1
1993,B,BCNH,1
1994,B,BCNH,1
1995,B,BCNH,2
1997,B,BCNH,1
1998,B,BCNH,1
1994,B,BCNH,1
1995,B,BCNH,1
1994,B,BCNH,1
1995,B,BCNH,1
1996,B,BCNH,1
1994,B,BCNH,1
1995,B,BCNH,1
1997,B,BCNH,1
1994,B,BCNH,1
1994,B,BCNH,1
1996,B,BCNH,1
1997,B,BCNH,1
1994,B,BCNH,1
1995,B,BCNH,1
1996,B,BCNH,1
1997,B,BCNH,1
1994,B,BCNH,1
1994,B,BCNH,2
1995,B,BCNH,1
1996,B,BCNH,1
1997,B,BCNH,1
1994,B,BCNH,1
1996,B,BCNH,1
1998,B,BCNH,1
1994,B,BCNH,1
1994,B,BCNH,1
1995,B,BCNH,1
1995,B,BCNH,1
1996,B,BCNH,1
1995,B,BCNH,1
1996,B,BCNH,2
1997,B,BCNH,1
2007,B,BCNH,6
1995,B,BCNH,1
1996,B,BCNH,1
1997,B,BCNH,2
1996,B,BCNH,1
1994,B,BCNH,3
1996,B,BCNH,1
1997,B,BCNH,1
1996,B,BCNH,1
1997,B,BCNH,1
1998,B,BCNH,1
1996,B,BCNH,1
1997,B,BCNH,1
1996,B,BCNH,2
1997,B,BCNH,2
1996,B,BCNH,1
1996,B,BCNH,2
1997,B,BCNH,1
1996,B,BCNH,1
1996,B,BCNH,1
1996,B,BCNH,1
2007,B,BCNH,2
1996,B,BCNH,1
1996,B,BCNH,1
1997,B,BCNH,1
2003,B,BCNH,1
1996,B,BCNH,1
1996,B,BCNH,1
1997,B,BCNH,2
1996,B,BCNH,1
1997,B,BCNH,1
1998,B,BCNH,1
1997,B,BCNH,1
1997,B,BCNH,1
1997,B,BCNH,1
1997,B,BCNH,1
1997,B,BCNH,1
1998,B,BCNH,1
2002,B,BCNH,1
2002,B,BCNH,2
2004,B,BCNH,1
2005,B,BCNH,2
2002,B,BCNH,1
2003,B,BCNH,3
2004,B,BCNH,1
2005,B,BCNH,2
2002,B,BCNH,2
2003,B,BCNH,1
2005,B,BCNH,2
2009,B,BCNH,1
2002,B,BCNH,3
2003,B,BCNH,3
2004,B,BCNH,3
2005,B,BCNH,3
2002,B,BCNH,1
2003,B,BCNH,3
2004,B,BCNH,2
2005,B,BCNH,1
2009,B,BCNH,1
2002,B,BCNH,1
2004,B,BCNH,1
2005,B,BCNH,1
2009,B,BCNH,1
2002,B,BCNH,1
2004,B,BCNH,1
2005,B,BCNH,1
2002,B,BCNH,2
2004,B,BCNH,4
2005,B,BCNH,1
2006,B,BCNH,1
2009,B,BCNH,2
2002,B,BCNH,1
2005,B,BCNH,3
2002,B,BCNH,2
2003,B,BCNH,3
2004,B,BCNH,4
2005,B,BCNH,2
2009,B,BCNH,1
2002,B,BCNH,2
2003,B,BCNH,3
2004,B,BCNH,4
2005,B,BCNH,4
2006,B,BCNH,1
2007,B,BCNH,2
2002,B,BCNH,1
2003,B,BCNH,2
2004,B,BCNH,2
2005,B,BCNH,1
2009,B,BCNH,1
2002,B,BCNH,1
2003,B,BCNH,2
2004,B,BCNH,3
2005,B,BCNH,3
2006,B,BCNH,1
2009,B,BCNH,1
2013,B,BCNH,1
2002,B,BCNH,2
2003,B,BCNH,3
2004,B,BCNH,4
2005,B,BCNH,3
2006,B,BCNH,1
2009,B,BCNH,1
2002,B,BCNH,2
2003,B,BCNH,3
2004,B,BCNH,5
2005,B,BCNH,3
2006,B,BCNH,2
2009,B,BCNH,1
2010,B,BCNH,1
2011,B,BCNH,1
2002,B,BCNH,1
2003,B,BCNH,2
2002,B,BCNH,3
2002,B,BCNH,1
2003,B,BCNH,1
2004,B,BCNH,1
2005,B,BCNH,1
2002,B,BCNH,1
2003,B,BCNH,3
2004,B,BCNH,3
2005,B,BCNH,4
2006,B,BCNH,2
2008,B,BCNH,4
2011,B,BCNH,1
2002,B,BCNH,1
2003,B,BCNH,1
2004,B,BCNH,2
2005,B,BCNH,1
2006,B,BCNH,1
2002,B,BCNH,1
2003,B,BCNH,1
2004,B,BCNH,1
2005,B,BCNH,1
2006,B,BCNH,1
2002,B,BCNH,1
2003,B,BCNH,1
2005,B,BCNH,4
2008,B,BCNH,1
2013,B,BCNH,1
2002,B,BCNH,1
2003,B,BCNH,2
2004,B,BCNH,1
2005,B,BCNH,1
2006,B,BCNH,1
2002,B,BCNH,1
2003,B,BCNH,1
2004,B,BCNH,1
2005,B,BCNH,2
2008,B,BCNH,3
2007,B,BCNH,2
2002,B,BCNH,1
2003,B,BCNH,1
2004,B,BCNH,3
2005,B,BCNH,3
2006,B,BCNH,1
2002,B,BCNH,1
2003,B,BCNH,2
2004,B,BCNH,2
2005,B,BCNH,2
2006,B,BCNH,2
2002,B,BCNH,1
2004,B,BCNH,1
2005,B,BCNH,1
2006,B,BCNH,1
2007,B,BCNH,1
2008,B,BCNH,1
2011,B,BCNH,4
2003,B,BCNH,2
2004,B,BCNH,2
2005,B,BCNH,3
2006,B,BCNH,1
2008,B,BCNH,1
2002,B,BCNH,3
2004,B,BCNH,1
2006,B,BCNH,1
2002,B,BCNH,1
2003,B,BCNH,1
2004,B,BCNH,1
2002,B,BCNH,2
2003,B,BCNH,3
2004,B,BCNH,2
2005,B,BCNH,1
2006,B,BCNH,1
2008,B,BCNH,3
2002,B,BCNH,3
2003,B,BCNH,4
2004,B,BCNH,4
2006,B,BCNH,3
2007,B,BCNH,2
2008,B,BCNH,1
2002,B,BCNH,3
2003,B,BCNH,2
2004,B,BCNH,4
2005,B,BCNH,2
2002,B,BCNH,1
2003,B,BCNH,1
2004,B,BCNH,1
2005,B,BCNH,2
2002,B,BCNH,1
2003,B,BCNH,2
2004,B,BCNH,3
2005,B,BCNH,4
2006,B,BCNH,4
2008,B,BCNH,1
2011,B,BCNH,2
2002,B,BCNH,2
2003,B,BCNH,2
2002,B,BCNH,1
2003,B,BCNH,1
2004,B,BCNH,1
2002,B,BCNH,1
2003,B,BCNH,1
2004,B,BCNH,2
2006,B,BCNH,2
2007,B,BCNH,1
2008,B,BCNH,1
2002,B,BCNH,4
2003,B,BCNH,3
2004,B,BCNH,2
2005,B,BCNH,2
2002,B,BCNH,2
2002,B,BCNH,2
2003,B,BCNH,1
2004,B,BCNH,2
2005,B,BCNH,4
2006,B,BCNH,1
2007,B,BCNH,2
2002,B,BCNH,1
2003,B,BCNH,3
2004,B,BCNH,2
2005,B,BCNH,1
2011,B,BCNH,1
2002,B,BCNH,1
2004,B,BCNH,1
2005,B,BCNH,1
2002,B,BCNH,3
2003,B,BCNH,2
2004,B,BCNH,3
2002,B,BCNH,1
2003,B,BCNH,1
2004,B,BCNH,1
2006,B,BCNH,1
2002,B,BCNH,1
2003,B,BCNH,4
2004,B,BCNH,1
2005,B,BCNH,1
2002,B,BCNH,3
2003,B,BCNH,2
2004,B,BCNH,2
2002,B,BCNH,2
2003,B,BCNH,4
2004,B,BCNH,2
2005,B,BCNH,2
2006,B,BCNH,2
2008,B,BCNH,2
2002,B,BCNH,1
2003,B,BCNH,1
2004,B,BCNH,1
2005,B,BCNH,2
2006,B,BCNH,1
2002,B,BCNH,2
2003,B,BCNH,2
2004,B,BCNH,3
2002,B,BCNH,1
2003,B,BCNH,2
2004,B,BCNH,1
2002,B,BCNH,3
2003,B,BCNH,1
2005,B,BCNH,2
2006,B,BCNH,1
2002,B,BCNH,7
2003,B,BCNH,5
2005,B,BCNH,2
2006,B,BCNH,1
2007,B,BCNH,2
2008,B,BCNH,2
2002,B,BCNH,1
2003,B,BCNH,1
2002,B,BCNH,2
2002,B,BCNH,2
2003,B,BCNH,1
2004,B,BCNH,1
2005,B,BCNH,2
2006,B,BCNH,1
2002,B,BCNH,1
2004,B,BCNH,1
2005,B,BCNH,1
2002,B,BCNH,1
2005,B,BCNH,1
2008,B,BCNH,1
2002,B,BCNH,2
2008,B,BCNH,1
2002,B,BCNH,3
2003,B,BCNH,2
2002,B,BCNH,1
2003,B,BCNH,1
2004,B,BCNH,1
2006,B,BCNH,2
2002,B,BCNH,2
2003,B,BCNH,3
2004,B,BCNH,4
2005,B,BCNH,3
2006,B,BCNH,2
2007,B,BCNH,1
2008,B,BCNH,1
1997,B,BCNH,1
1996,B,BCNH,1
1997,B,BCNH,1
1997,B,BCNH,1
1998,B,BCNH,1
1997,B,BCNH,1
1997,B,BCNH,1
1998,B,BCNH,1
1997,B,BCNH,1
1997,B,BCNH,1
1997,B,BCNH,1
1997,B,BCNH,1
1997,B,BCNH,2
1997,B,BCNH,1
2003,B,BCNH,2
2004,B,BCNH,4
2005,B,BCNH,2
2006,B,BCNH,2
2003,B,BCNH,1
2007,B,BCNH,8
2003,B,BCNH,2
2004,B,BCNH,2
2005,B,BCNH,1
2009,B,BCNH,1
2011,B,BCNH,1
2003,B,BCNH,2
2004,B,BCNH,1
2005,B,BCNH,1
2014,B,BCNH,1
2003,B,BCNH,1
2003,B,BCNH,1
2003,B,BCNH,1
2004,B,BCNH,2
2003,B,BCNH,2
2004,B,BCNH,1
2005,B,BCNH,1
2003,B,BCNH,1
2009,B,BCNH,1
2003,B,BCNH,1
2004,B,BCNH,1
2011,B,BCNH,1
2014,B,BCNH,2
2007,B,BCNH,1
2003,B,BCNH,2
2004,B,BCNH,2
2005,B,BCNH,2
2006,B,BCNH,1
2003,B,BCNH,1
2005,B,BCNH,2
2006,B,BCNH,1
2007,B,BCNH,4
2004,B,BCNH,1
2003,B,BCNH,2
2004,B,BCNH,1
2003,B,BCNH,2
2003,B,BCNH,1
2004,B,BCNH,2
2005,B,BCNH,2
2006,B,BCNH,2
2003,B,BCNH,2
2006,B,BCNH,1
2003,B,BCNH,1
2003,B,BCNH,1
2007,B,BCNH,11
2003,B,BCNH,2
2007,B,BCNH,1
2003,B,BCNH,1
2002,B,BCNH,1
2002,B,BCNH,1
2003,B,BCNH,1
2005,B,BCNH,2
2002,B,BCNH,1
2003,B,BCNH,2
2005,B,BCNH,1
2008,B,BCNH,1
2002,B,BCNH,1
2003,B,BCNH,1
2007,B,BCNH,1
2002,B,BCNH,1
2003,B,BCNH,1
2002,B,BCNH,1
2002,B,BCNH,1
2005,B,BCNH,4
2002,B,BCNH,3
2003,B,BCNH,3
2004,B,BCNH,1
2006,B,BCNH,2
2002,B,BCNH,1
2002,B,BCNH,1
2003,B,BCNH,1
2002,B,BCNH,1
2003,B,BCNH,1
2002,B,BCNH,1
2002,B,BCNH,1
2003,B,BCNH,1
2006,B,BCNH,1
2002,B,BCNH,4
2003,B,BCNH,2
2004,B,BCNH,1
2006,B,BCNH,4
2007,B,BCNH,2
2003,B,BCNH,1
2006,B,BCNH,3
2007,B,BCNH,1
2003,B,BCNH,1
2006,B,BCNH,1
2003,B,BCNH,4
2004,B,BCNH,2
2005,B,BCNH,2
2006,B,BCNH,3
2004,B,BCNH,1
2005,B,BCNH,2
2006,B,BCNH,1
2003,B,BCNH,1
2004,B,BCNH,2
2005,B,BCNH,1
2003,B,BCNH,1
2003,B,BCNH,1
2003,B,BCNH,2
2004,B,BCNH,2
2005,B,BCNH,2
2007,B,BCNH,10
2003,B,BCNH,1
2005,B,BCNH,1
2007,B,BCNH,12
2005,B,BCNH,1
2003,B,BCNH,1
2008,B,BCNH,1
2003,B,BCNH,2
2004,B,BCNH,3
2009,B,BCNH,1
2011,B,BCNH,1
2003,B,BCNH,1
2004,B,BCNH,1
2005,B,BCNH,1
2011,B,BCNH,1
2003,B,BCNH,1
2004,B,BCNH,1
2005,B,BCNH,2
2006,B,BCNH,1
2007,B,BCNH,1
2009,B,BCNH,1
2003,B,BCNH,1
2006,B,BCNH,2
2003,B,BCNH,1
2004,B,BCNH,2
2005,B,BCNH,2
2011,B,BCNH,1
2003,B,BCNH,1
2007,B,BCNH,3
2003,B,BCNH,2
2004,B,BCNH,2
2005,B,BCNH,1
2006,B,BCNH,1
2003,B,BCNH,1
2004,B,BCNH,1
2005,B,BCNH,4
2003,B,BCNH,2
2005,B,BCNH,3
2008,B,BCNH,1
2003,B,BCNH,1
2005,B,BCNH,1
2006,B,BCNH,1
2003,B,BCNH,3
2004,B,BCNH,5
2005,B,BCNH,4
2006,B,BCNH,4
2008,B,BCNH,1
2003,B,BCNH,1
2004,B,BCNH,1
2005,B,BCNH,2
2006,B,BCNH,2
2008,B,BCNH,2
2003,B,BCNH,1
2004,B,BCNH,1
2005,B,BCNH,2
2006,B,BCNH,1
2008,B,BCNH,1
2003,B,BCNH,2
2004,B,BCNH,2
2009,B,BCNH,1
2011,B,BCNH,4
2003,B,BCNH,1
2004,B,BCNH,3
2005,B,BCNH,3
2006,B,BCNH,2
2003,B,BCNH,4
2004,B,BCNH,2
2005,B,BCNH,1
2006,B,BCNH,3
2003,B,BCNH,1
2007,B,BCNH,1
2003,B,BCNH,1
2004,B,BCNH,1
2005,B,BCNH,1
2006,B,BCNH,1
2003,B,BCNH,2
2004,B,BCNH,3
2005,B,BCNH,3
2006,B,BCNH,2
2009,B,BCNH,1
2011,B,BCNH,2
2003,B,BCNH,1
2003,B,BCNH,1
2003,B,BCNH,1
2004,B,BCNH,1
2003,B,BCNH,1
2004,B,BCNH,2
2005,B,BCNH,2
2006,B,BCNH,1
2007,B,BCNH,1
2008,B,BCNH,1
2003,B,BCNH,1
2004,B,BCNH,1
2005,B,BCNH,1
2011,B,BCNH,1
2003,B,BCNH,1
2006,B,BCNH,2
2003,B,BCNH,3
2004,B,BCNH,1
2003,B,BCNH,1
2003,B,BCNH,1
2003,B,BCNH,1
2003,B,BCNH,3
2004,B,BCNH,4
2005,B,BCNH,3
2006,B,BCNH,2
2007,B,BCNH,1
2008,B,BCNH,1
2003,B,BCNH,1
2003,B,BCNH,1
2003,B,BCNH,1
2004,B,BCNH,1
2005,B,BCNH,1
2011,B,BCNH,1
2003,B,BCNH,1
2004,B,BCNH,1
2005,B,BCNH,1
2006,B,BCNH,1
2011,B,BCNH,1
2012,B,BCNH,1
2003,B,BCNH,1
2005,B,BCNH,2
2006,B,BCNH,2
2007,B,BCNH,14
2003,B,BCNH,1
2004,B,BCNH,1
2005,B,BCNH,2
2007,B,BCNH,1
2003,B,BCNH,2
2004,B,BCNH,3
2005,B,BCNH,3
2006,B,BCNH,1
2009,B,BCNH,1
2011,B,BCNH,2
2013,B,BCNH,1
2003,B,BCNH,1
2003,B,BCNH,1
2006,B,BCNH,1
2009,B,BCNH,1
2003,B,BCNH,1
2005,B,BCNH,2
2006,B,BCNH,2
2003,B,BCNH,1
2004,B,BCNH,1
2005,B,BCNH,2
2006,B,BCNH,1
2007,B,BCNH,2
2003,B,BCNH,2
2004,B,BCNH,2
2005,B,BCNH,1
2006,B,BCNH,2
2007,B,BCNH,13
2003,B,BCNH,1
2004,B,BCNH,1
2003,B,BCNH,2
2004,B,BCNH,1
2011,B,BCNH,1
2003,B,BCNH,1
2004,B,BCNH,1
2005,B,BCNH,1
2006,B,BCNH,2
2008,B,BCNH,1
2011,B,BCNH,1
2003,B,BCNH,2
2003,B,BCNH,1
2002,B,BCNH,1
2003,B,BCNH,1
2002,B,BCNH,2
2003,B,BCNH,2
2008,B,BCNH,1
2007,B,BCNH,3
2002,B,BCNH,1
2003,B,BCNH,1
2002,A,BCNH,2
2002,B,BCNH,2
2003,B,BCNH,2
2002,B,BCNH,1
2003,B,BCNH,1
2004,B,BCNH,1
2013,B,BCNH,1
2003,B,BCNH,1
2006,B,BCNH,1
2008,B,BCNH,1
2002,B,BCNH,2
2003,B,BCNH,1
2004,B,BCNH,1
2006,B,BCNH,1
2008,B,BCNH,1
2002,B,BCNH,1
2003,B,BCNH,1
2005,B,BCNH,2
2006,B,BCNH,1
2008,B,BCNH,3
2013,B,BCNH,1
2002,B,BCNH,2
2002,B,BCNH,2
2003,B,BCNH,2
2004,B,BCNH,3
2005,B,BCNH,4
2008,B,BCNH,1
2008,B,BCNH,1
2003,B,BCNH,1
2004,B,BCNH,1
2006,B,BCNH,2
2008,B,BCNH,2
2005,B,BCNH,2
2008,B,BCNH,2
2008,B,BCNH,1
2003,B,BCNH,1
2004,B,BCNH,1
2005,B,BCNH,1
2008,B,BCNH,1
2004,B,BCNH,1
2002,B,BCNH,1
2003,B,BCNH,1
2004,B,BCNH,1
2005,B,BCNH,2
2007,B,BCNH,1
2002,B,BCNH,2
2003,B,BCNH,1
2004,B,BCNH,2
2005,B,BCNH,3
2002,B,BCNH,1
2004,B,BCNH,3
2005,B,BCNH,4
2007,B,BCNH,1
2008,B,BCNH,1
2005,B,BCNH,2
2005,B,BCNH,1
2008,B,BCNH,1
2002,B,BCNH,1
2003,B,BCNH,1
2004,B,BCNH,3
2005,B,BCNH,1
2008,B,BCNH,1
2003,B,BCNH,1
2004,B,BCNH,2
2005,B,BCNH,2
2008,B,BCNH,1
2002,B,BCNH,1
2003,B,BCNH,3
2004,B,BCNH,1
2006,B,BCNH,2
2008,B,BCNH,1
2002,B,BCNH,1
2004,B,BCNH,2
2005,B,BCNH,3
2006,B,BCNH,1
2007,B,BCNH,1
2008,B,BCNH,3
2004,B,BCNH,5
2005,B,BCNH,2
2006,B,BCNH,2
2008,B,BCNH,1
2013,B,BCNH,1
2004,B,BCNH,1
2006,B,BCNH,1
2007,B,BCNH,1
2009,B,BCNH,2
2011,B,BCNH,3
2012,B,BCNH,1
2004,B,BCNH,1
2005,B,BCNH,1
2004,B,BCNH,1
2005,B,BCNH,1
2011,B,BCNH,1
2004,B,BCNH,1
2004,B,BCNH,2
2005,B,BCNH,1
2004,B,BCNH,3
2005,B,BCNH,3
2006,B,BCNH,3
2007,B,BCNH,2
2008,B,BCNH,5
2004,B,BCNH,2
2004,B,BCNH,2
2005,B,BCNH,1
2006,B,BCNH,1
2004,B,BCNH,1
2005,B,BCNH,1
2004,B,BCNH,2
2005,B,BCNH,1
2004,B,BCNH,2
2004,B,BCNH,1
2005,B,BCNH,1
2011,B,BCNH,2
2004,B,BCNH,1
2014,B,BCNH,1
2004,B,BCNH,1
2006,B,BCNH,1
2013,B,BCNH,1
2004,B,BCNH,1
2011,B,BCNH,3
2004,B,BCNH,1
2004,B,BCNH,1
2004,B,BCNH,2
2005,B,BCNH,4
2006,B,BCNH,1
2011,B,BCNH,1
2004,B,BCNH,4
2005,B,BCNH,4
2006,B,BCNH,2
2009,B,BCNH,1
2011,B,BCNH,9
2004,B,BCNH,1
2008,B,BCNH,1
2005,B,BCNH,1
2004,B,BCNH,1
2005,B,BCNH,2
2006,B,BCNH,2
2008,B,BCNH,1
2004,B,BCNH,1
2004,B,BCNH,4
2005,B,BCNH,3
2004,B,BCNH,2
2006,B,BCNH,2
2009,B,BCNH,1
2011,B,BCNH,2
2004,B,BCNH,1
2006,B,BCNH,1
2008,B,BCNH,1
2004,B,BCNH,1
2005,B,BCNH,1
2004,B,BCNH,1
2011,B,BCNH,1
2012,B,BCNH,1
2004,B,BCNH,1
2005,B,BCNH,1
2004,B,BCNH,1
2005,B,BCNH,1
2004,B,BCNH,1
2005,B,BCNH,1
2004,B,BCNH,1
2004,B,BCNH,1
2004,B,BCNH,1
2007,B,BCNH,5
2007,B,BCNH,1
2004,B,BCNH,1
2005,B,BCNH,1
2004,B,BCNH,1
2004,B,BCNH,3
2005,B,BCNH,3
2006,B,BCNH,1
2007,B,BCNH,9
2004,B,BCNH,2
2005,B,BCNH,1
2011,B,BCNH,4
2004,B,BCNH,1
2005,B,BCNH,1
2006,B,BCNH,1
2008,B,BCNH,1
2004,B,BCNH,1
2005,B,BCNH,1
2008,B,BCNH,2
2009,B,BCNH,2
2012,B,BCNH,1
2013,B,BCNH,1
2004,B,BCNH,1
2005,B,BCNH,1
2004,B,BCNH,1
2004,B,BCNH,1
2012,B,BCNH,2
2011,B,BCNH,2
2011,B,BCNH,2
2011,B,BCNH,1
2011,B,BCNH,1
2012,B,BCNH,1
2012,B,BCNH,1
2015,C,BCNH,1
2016,C,BCNH,1
2011,B,BCNH,3
2012,B,BCNH,1
2014,B,BCNH,2
2011,B,BCNH,1
2011,B,BCNH,2
2013,B,BCNH,1
2014,B,BCNH,1
2020,B,BCNH,1
2013,B,BCNH,1
2015,C,BCNH,1
2011,B,BCNH,1
2011,B,BCNH,1
2011,B,BCNH,1
2014,B,BCNH,2
2011,B,BCNH,1
2013,B,BCNH,1
2011,B,BCNH,1
2014,C,BCNH,1
2015,C,BCNH,1
2016,C,BCNH,2
2021,C,BCNH,1
2014,C,BCNH,1
2015,C,BCNH,1
2017,C,BCNH,1
2014,C,BCNH,1
2015,C,BCNH,1
2016,C,BCNH,2
2014,C,BCNH,2
2015,C,BCNH,2
2016,C,BCNH,1
2017,C,BCNH,1
2014,C,BCNH,3
2015,C,BCNH,1
2014,C,BCNH,1
2015,C,BCNH,1
2014,C,BCNH,4
2016,C,BCNH,2
2014,C,BCNH,1
2015,C,BCNH,2
2016,C,BCNH,1
2014,C,BCNH,2
2016,C,BCNH,2
2017,C,BCNH,1
2014,C,BCNH,3
2015,C,BCNH,1
2016,C,BCNH,3
2014,C,BCNH,1
2015,C,BCNH,1
2016,C,BCNH,1
2014,C,BCNH,1
2015,C,BCNH,1
2016,C,BCNH,1
2014,C,BCNH,1
2015,C,BCNH,2
2016,C,BCNH,2
2014,C,BCNH,1
2016,C,BCNH,1
2014,C,BCNH,3
2015,C,BCNH,2
2016,C,BCNH,1
2014,C,BCNH,1
2015,C,BCNH,1
2014,C,BCNH,1
2014,C,BCNH,2
2015,C,BCNH,1
2014,C,BCNH,2
2015,C,BCNH,1
2016,C,BCNH,1
2014,C,BCNH,1
2014,C,BCNH,4
2015,C,BCNH,1
2016,C,BCNH,2
2014,C,BCNH,2
2014,C,BCNH,1
2014,C,BCNH,1
2015,C,BCNH,1
2016,C,BCNH,1
2014,C,BCNH,1
2014,C,BCNH,1
2014,C,BCNH,2
2015,C,BCNH,1
2014,C,BCNH,1
2014,C,BCNH,2
2014,C,BCNH,2
2015,C,BCNH,1
2014,C,BCNH,2
2015,C,BCNH,2
2016,C,BCNH,1
2014,C,BCNH,1
2015,C,BCNH,1
2014,C,BCNH,2
2016,C,BCNH,2
2014,C,BCNH,2
2015,C,BCNH,1
2016,C,BCNH,1
2014,C,BCNH,1
2020,C,BCNH,2
2014,C,BCNH,1
2015,C,BCNH,1
2014,C,BCNH,1
2015,C,BCNH,1
2014,C,BCNH,1
2014,C,BCNH,1
2016,C,BCNH,1
2014,C,BCNH,1
2015,C,BCNH,2
2016,C,BCNH,2
2020,C,BCNH,1
2014,C,BCNH,1
2016,C,BCNH,1
2020,C,BCNH,2
2014,C,BCNH,1
2015,C,BCNH,3
2016,C,BCNH,2
2014,C,BCNH,2
2014,C,BCNH,2
2015,C,BCNH,1
2014,C,BCNH,1
2015,C,BCNH,1
2016,C,BCNH,1
2020,C,BCNH,1
2015,B,BCNH,1
2017,B,BCNH,1
2015,B,BCNH,1
2016,B,BCNH,1
2017,B,BCNH,1
2015,B,BCNH,1
2015,B,BCNH,1
2017,B,BCNH,2
2015,B,BCNH,1
2017,B,BCNH,2
2015,B,BCNH,1
2017,B,BCNH,1
2015,B,BCNH,1
2015,B,BCNH,1
2015,B,BCNH,2
2015,B,BCNH,1
2017,B,BCNH,1
2019,B,BCNH,1
2015,B,BCNH,1
2016,B,BCNH,1
2017,B,BCNH,1
2015,B,BCNH,1
2015,B,BCNH,1
2017,B,BCNH,2
2019,B,BCNH,1
2015,B,BCNH,1
2017,B,BCNH,1
2015,B,BCNH,1
2015,B,BCNH,1
2016,B,BCNH,1
2015,B,BCNH,2
2016,B,BCNH,1
2017,B,BCNH,1
2015,B,BCNH,1
2017,B,BCNH,1
2015,B,BCNH,1
2015,B,BCNH,2
2017,B,BCNH,1
2015,B,BCNH,1
2016,B,BCNH,1
2017,B,BCNH,2
2015,B,BCNH,1
2015,B,BCNH,1
2017,B,BCNH,2
2015,B,BCNH,1
2016,B,BCNH,1
2015,B,BCNH,2
2016,B,BCNH,1
2017,B,BCNH,2
2015,B,BCNH,1
2017,B,BCNH,2
2019,B,BCNH,1
2015,B,BCNH,1
2017,B,BCNH,1
2015,B,BCNH,2
2015,B,BCNH,2
2017,B,BCNH,1
2019,B,BCNH,1
2015,B,BCNH,1
2015,B,BCNH,2
2017,B,BCNH,1
2019,B,BCNH,1
2016,C,BCNH,1
2016,C,BCNH,1
2017,C,BCNH,1
2016,C,BCNH,1
2017,C,BCNH,1
2016,C,BCNH,1
2017,C,BCNH,2
2016,C,BCNH,2
2017,C,BCNH,2
2016,C,BCNH,2
2016,C,BCNH,1
2017,C,BCNH,2
2016,C,BCNH,1
2017,C,BCNH,1
2016,C,BCNH,2
2017,C,BCNH,1
2016,C,BCNH,1
2019,C,BCNH,1
2016,C,BCNH,2
2016,C,BCNH,1
2016,C,BCNH,1
2017,C,BCNH,1
2016,C,BCNH,1
2017,C,BCNH,1
2016,C,BCNH,1
2017,C,BCNH,1
2016,C,BCNH,1
2016,B,BCNH,1
2017,B,BCNH,5
2016,B,BCNH,1
2017,B,BCNH,1
2016,B,BCNH,1
2016,B,BCNH,1
2019,B,BCNH,1
2017,B,BCNH,1
2013,B,BCNH,1
2014,C,BCNH,2
2015,C,BCNH,2
2016,C,BCNH,1
2017,C,BCNH,1
2014,C,BCNH,2
2015,C,BCNH,1
2016,C,BCNH,1
2014,C,BCNH,1
2015,C,BCNH,1
2016,C,BCNH,1
2014,C,BCNH,1
2015,C,BCNH,1
2017,C,BCNH,1
2014,C,BCNH,1
2015,C,BCNH,3
2016,C,BCNH,2
2014,C,BCNH,2
2016,C,BCNH,1
2017,C,BCNH,1
2014,C,BCNH,1
2014,C,BCNH,2
2015,C,BCNH,1
2014,C,BCNH,2
2014,C,BCNH,1
2015,C,BCNH,1
2014,C,BCNH,1
2015,C,BCNH,1
2016,C,BCNH,1
2017,C,BCNH,1
2014,C,BCNH,1
2015,C,BCNH,2
2016,C,BCNH,3
2014,C,BCNH,1
2016,C,BCNH,1
2014,C,BCNH,1
2014,C,BCNH,2
2015,C,BCNH,1
2017,C,BCNH,1
2014,C,BCNH,1
2014,C,BCNH,1
2016,C,BCNH,1
2014,C,BCNH,1
2016,C,BCNH,1
2014,C,BCNH,2
2015,C,BCNH,2
2014,C,BCNH,2
2015,C,BCNH,1
2016,C,BCNH,2
2014,C,BCNH,1
2015,C,BCNH,1
2016,C,BCNH,3
2014,C,BCNH,2
2015,C,BCNH,1
2014,C,BCNH,1
2017,C,BCNH,1
2014,C,BCNH,1
2015,C,BCNH,1
2016,C,BCNH,2
2020,C,BCNH,1
2014,C,BCNH,3
2016,C,BCNH,1
2014,C,BCNH,1
2014,C,BCNH,1
2016,C,BCNH,2
2014,C,BCNH,3
2015,C,BCNH,2
2016,C,BCNH,2
2014,C,BCNH,1
2015,C,BCNH,2
2016,C,BCNH,1
2017,C,BCNH,1
2014,C,BCNH,1
2015,C,BCNH,1
2016,C,BCNH,1
2014,C,BCNH,1
2015,C,BCNH,2
2020,C,BCNH,2
2014,C,BCNH,3
2015,C,BCNH,2
2016,C,BCNH,2
2014,C,BCNH,1
2015,C,BCNH,1
2014,C,BCNH,1
2015,C,BCNH,1
2016,C,BCNH,1
2017,C,BCNH,1
2014,C,BCNH,1
2014,C,BCNH,1
2016,C,BCNH,1
2014,C,BCNH,1
2015,C,BCNH,2
2016,C,BCNH,1
2014,C,BCNH,2
2015,C,BCNH,1
2016,C,BCNH,1
2020,C,BCNH,1
2014,C,BCNH,1
2015,C,BCNH,1
2014,C,BCNH,3
2015,C,BCNH,4
2016,C,BCNH,2
2014,C,BCNH,3
2015,C,BCNH,1
2016,C,BCNH,1
2014,C,BCNH,1
2015,C,BCNH,1
2016,C,BCNH,1
2020,C,BCNH,1
2014,C,BCNH,3
2015,C,BCNH,2
2016,C,BCNH,2
2017,C,BCNH,1
2014,C,BCNH,1
2015,C,BCNH,1
2016,C,BCNH,1
2014,B,BCNH,1
2014,B,BCNH,1
2014,B,BCNH,1
2014,B,BCNH,1
2014,B,BCNH,3
2015,B,BCNH,1
2020,B,BCNH,1
2014,B,BCNH,1
2020,B,BCNH,1
2014,B,BCNH,1
2014,B,BCNH,1
2014,C,BCNH,1
2015,C,BCNH,1
2014,C,BCNH,3
2015,C,BCNH,1
2017,C,BCNH,1
2014,C,BCNH,1
2015,C,BCNH,1
2016,C,BCNH,1
2017,C,BCNH,1
2014,C,BCNH,2
2015,C,BCNH,2
2016,C,BCNH,1
2017,C,BCNH,1
2014,C,BCNH,2
2014,C,BCNH,2
2016,C,BCNH,2
2017,C,BCNH,2
2014,C,BCNH,3
2015,C,BCNH,2
2017,C,BCNH,1
2014,C,BCNH,1
2015,C,BCNH,1
2017,C,BCNH,1
2014,C,BCNH,1
2015,C,BCNH,1
2016,C,BCNH,1
2017,C,BCNH,2
2014,C,BCNH,1
2015,C,BCNH,1
2016,C,BCNH,2
2017,C,BCNH,1
2014,C,BCNH,1
2017,C,BCNH,2
2014,C,BCNH,2
2015,C,BCNH,2
2014,C,BCNH,1
2017,C,BCNH,2
2014,C,BCNH,2
2014,C,BCNH,1
2014,C,BCNH,2
2015,C,BCNH,2
2020,C,BCNH,1
2014,C,BCNH,1
2015,C,BCNH,1
2014,C,BCNH,2
2015,C,BCNH,1
2014,C,BCNH,1
2015,C,BCNH,1
2014,C,BCNH,2
2015,C,BCNH,2
2014,C,BCNH,1
2015,C,BCNH,1
2017,C,BCNH,1
2014,C,BCNH,1
2015,C,BCNH,1
2016,C,BCNH,1
2017,C,BCNH,1
2014,C,BCNH,1
2016,C,BCNH,1
2014,C,BCNH,1
2015,C,BCNH,1
2016,C,BCNH,1
2014,C,BCNH,2
2015,C,BCNH,1
2016,C,BCNH,1
2014,C,BCNH,1
2016,C,BCNH,1
2017,C,BCNH,1
2014,C,BCNH,1
2014,C,BCNH,1
2015,C,BCNH,1
2014,C,BCNH,3
2015,C,BCNH,3
2016,C,BCNH,3
2014,C,BCNH,2
2015,C,BCNH,1
2016,C,BCNH,1
2020,C,BCNH,1
2014,C,BCNH,2
2014,C,BCNH,1
2015,C,BCNH,1
2014,C,BCNH,1
2014,C,BCNH,1
2014,B,BCNH,1
2014,B,BCNH,1
2014,C,BCNH,1
2015,C,BCNH,1
2014,C,BCNH,1
2020,C,BCNH,1
2014,C,BCNH,1
2015,C,BCNH,1
2017,C,BCNH,2
2014,C,BCNH,1
2016,C,BCNH,2
2017,C,BCNH,2
2014,C,BCNH,1
2016,C,BCNH,1
2017,C,BCNH,1
2014,C,BCNH,2
2014,C,BCNH,1
2015,C,BCNH,2
2017,C,BCNH,1
2014,C,BCNH,1
2015,C,BCNH,2
2016,C,BCNH,1
2014,C,BCNH,1
2015,C,BCNH,1
2016,C,BCNH,1
2017,C,BCNH,2
2014,C,BCNH,1
2017,C,BCNH,4
2014,C,BCNH,2
2015,C,BCNH,3
2017,C,BCNH,1
2014,C,BCNH,1
2015,C,BCNH,2
2014,C,BCNH,1
2015,C,BCNH,1
2017,C,BCNH,1
2014,C,BCNH,1
2014,C,BCNH,2
2015,C,BCNH,1
2016,C,BCNH,1
2017,C,BCNH,1
2014,C,BCNH,1
2015,C,BCNH,1
2016,C,BCNH,1
2014,C,BCNH,1
2015,C,BCNH,1
2016,C,BCNH,1
2017,C,BCNH,1
2014,C,BCNH,1
2015,C,BCNH,1
2014,C,BCNH,1
2015,C,BCNH,1
2014,C,BCNH,2
2014,C,BCNH,1
2015,C,BCNH,2
2016,C,BCNH,1
2017,C,BCNH,2
2014,C,BCNH,2
2015,C,BCNH,1
2014,C,BCNH,1
2015,C,BCNH,2
2014,C,BCNH,1
2015,C,BCNH,1
2016,C,BCNH,1
2017,C,BCNH,1
2014,C,BCNH,2
2014,C,BCNH,1
2015,C,BCNH,1
2016,C,BCNH,1
2014,C,BCNH,1
2014,C,BCNH,1
2014,C,BCNH,1
2015,C,BCNH,1
2016,C,BCNH,1
2017,C,BCNH,1
2021,C,BCNH,1
2014,C,BCNH,1
2015,C,BCNH,1
2016,C,BCNH,1
2017,C,BCNH,2
2014,C,BCNH,1
2014,C,BCNH,1
2015,C,BCNH,2
2016,C,BCNH,1
2017,C,BCNH,2
2014,C,BCNH,1
2016,C,BCNH,1
2014,C,BCNH,4
2015,C,BCNH,1
2016,C,BCNH,1
2017,C,BCNH,1
2014,C,BCNH,1
2015,C,BCNH,1
2015,C,BCNH,2
2016,C,BCNH,1
2017,C,BCNH,2
2014,C,BCNH,1
2014,C,BCNH,1
2015,C,BCNH,1
2014,C,BCNH,2
2014,C,BCNH,1
2011,B,BCNH,1
2011,B,BCNH,1
2014,B,BCNH,1
2013,B,BCNH,1
2016,C,BCNH,1
2017,C,BCNH,1
2016,C,BCNH,1
2016,C,BCNH,1
2016,C,BCNH,2
2017,C,BCNH,1
2016,C,BCNH,1
2016,C,BCNH,1
2016,C,BCNH,1
2020,C,BCNH,1
2016,C,BCNH,1
2016,C,BCNH,1
2020,C,BCNH,3
2016,C,BCNH,1
2016,C,BCNH,2
2016,C,BCNH,1
2017,C,BCNH,1
2016,C,BCNH,1
2016,C,BCNH,1
2017,C,BCNH,2
2016,C,BCNH,1
2017,C,BCNH,2
2016,C,BCNH,1
2016,C,BCNH,1
2016,C,BCNH,1
2014,C,BCNH,2
2016,C,BCNH,1
2017,C,BCNH,1
2016,C,BCNH,1
2016,C,BCNH,1
2020,C,BCNH,1
2016,C,BCNH,1
2016,C,BCNH,2
2017,C,BCNH,1
2016,C,BCNH,1
2016,C,BCNH,1
2016,C,BCNH,1
2020,C,BCNH,1
2016,C,BCNH,1
2016,C,BCNH,1
2017,C,BCNH,1
2020,C,BCNH,1
2016,C,BCNH,1
2017,C,BCNH,2
2021,C,BCNH,2
2016,C,BCNH,1
2016,C,BCNH,1
2020,C,BCNH,2
2016,C,BCNH,1
2016,C,BCNH,1
2016,C,BCNH,1
2020,C,BCNH,2
2016,C,BCNH,1
2016,C,BCNH,1
2016,C,BCNH,1
2016,C,BCNH,1
2016,C,BCNH,1
2016,B,BCNH,1
2017,B,BCNH,1
2019,B,BCNH,1
2016,B,BCNH,1
2017,B,BCNH,1
2016,B,BCNH,2
2015,B,BCNH,2
2016,B,BCNH,1
2017,B,BCNH,1
2015,B,BCNH,1
2016,B,BCNH,1
2017,B,BCNH,1
2015,B,BCNH,1
2015,B,BCNH,1
2015,B,BCNH,1
2017,B,BCNH,2
2015,C,BCNH,1
2016,C,BCNH,1
2019,C,BCNH,1
2021,C,BCNH,1
2015,B,BCNH,1
2017,B,BCNH,1
2015,B,BCNH,1
2016,B,BCNH,1
2017,B,BCNH,1
2015,B,BCNH,1
2016,B,BCNH,1
2017,B,BCNH,1
2015,B,BCNH,1
2016,B,BCNH,1
2017,B,BCNH,2
2015,B,BCNH,1
2016,B,BCNH,1
2017,B,BCNH,1
2015,B,BCNH,1
2015,C,BCNH,2
2015,C,BCNH,1
2015,C,BCNH,1
2017,C,BCNH,1
2015,C,BCNH,1
2016,C,BCNH,1
2015,C,BCNH,1
2017,C,BCNH,1
2015,C,BCNH,1
2017,C,BCNH,1
2015,C,BCNH,1
2015,C,BCNH,1
2016,C,BCNH,1
2017,C,BCNH,1
2017,B,BCNH,1
2017,B,BCNH,3
2017,B,BCNH,1
2017,B,BCNH,1
2017,B,BCNH,1
2019,B,BCNH,3
2017,B,BCNH,1
2017,B,BCNH,1
2019,B,BCNH,2
2017,B,BCNH,3
2017,B,BCNH,3
2017,B,BCNH,2
2017,B,BCNH,1
2017,B,BCNH,1
2017,B,BCNH,1
2017,B,BCNH,2
2017,B,BCNH,1
2017,B,BCNH,1
2017,B,BCNH,1
2019,B,BCNH,1
2017,B,BCNH,1
2017,B,BCNH,1
2017,B,BCNH,1
2017,B,BCNH,1
2019,B,BCNH,2
2017,B,BCNH,1
2019,B,BCNH,2
2017,B,BCNH,3
2017,B,BCNH,2
2017,B,BCNH,2
2019,B,BCNH,1
2017,B,BCNH,1
2019,B,BCNH,1
2017,B,BCNH,3
2017,B,BCNH,1
2017,B,BCNH,1
2017,B,BCNH,2
2017,B,BCNH,2
2017,B,BCNH,1
2017,B,BCNH,2
2019,B,BCNH,1
2017,B,BCNH,3
2017,B,BCNH,2
2017,B,BCNH,1
2017,B,BCNH,1
2017,B,BCNH,1
2019,B,BCNH,1
2017,B,BCNH,1
2017,B,BCNH,1
2019,B,BCNH,1
2017,B,BCNH,1
2017,B,BCNH,1
2017,B,BCNH,1
2019,B,BCNH,1
2017,B,BCNH,1
2019,B,BCNH,1
2017,B,BCNH,2
2019,B,BCNH,1
2017,C,BCNH,1
2017,C,BCNH,1
2020,C,BCNH,1
2017,C,BCNH,1
2017,C,BCNH,1
2017,C,BCNH,2
2020,C,BCNH,1
2017,C,BCNH,1
2017,C,BCNH,1
2017,C,BCNH,2
2017,C,BCNH,1
2017,C,BCNH,1
2019,C,BCNH,1
2017,C,BCNH,1
2017,C,BCNH,2
2020,C,BCNH,2
2017,C,BCNH,1
2017,C,BCNH,1
2017,B,BCNH,2
2017,B,BCNH,1
2017,B,BCNH,1
2019,B,BCNH,1
2017,B,BCNH,1
2017,B,BCNH,1
2019,B,BCNH,1
2017,B,BCNH,1
2017,B,BCNH,1
2017,B,BCNH,1
2017,B,BCNH,1
2017,B,BCNH,1
2017,B,BCNH,4
2017,B,BCNH,2
2019,B,BCNH,1
2017,B,BCNH,1
2017,B,BCNH,2
2019,B,BCNH,2
2017,B,BCNH,1
2019,B,BCNH,1
2017,B,BCNH,1
2017,B,BCNH,3
2017,B,BCNH,2
2017,B,BCNH,1
2017,B,BCNH,2
2019,B,BCNH,1
2017,B,BCNH,1
2019,B,BCNH,1
2017,B,BCNH,2
2017,B,BCNH,3
2017,B,BCNH,2
2015,C,BCNH,1
2016,C,BCNH,1
2015,C,BCNH,1
2015,C,BCNH,1
2016,C,BCNH,1
2015,C,BCNH,1
2021,C,BCNH,1
2015,C,BCNH,2
2016,C,BCNH,1
2021,C,BCNH,1
2015,C,BCNH,1
2016,C,BCNH,1
2017,C,BCNH,1
2015,C,BCNH,1
2017,C,BCNH,1
2015,C,BCNH,1
2017,C,BCNH,1
2015,C,BCNH,1
2017,C,BCNH,2
2020,C,BCNH,2
2021,C,BCNH,1
2015,C,BCNH,1
2016,C,BCNH,1
2017,C,BCNH,2
2015,C,BCNH,1
2015,C,BCNH,2
2015,C,BCNH,1
2015,C,BCNH,1
2015,C,BCNH,1
2015,C,BCNH,1
2015,C,BCNH,1
2015,C,BCNH,1
2015,C,BCNH,1
2015,C,BCNH,2
2017,C,BCNH,4
2015,C,BCNH,2
2016,C,BCNH,2
2017,C,BCNH,3
2020,C,BCNH,2
2015,C,BCNH,2
2016,C,BCNH,1
2015,C,BCNH,1
2015,C,BCNH,1
2015,C,BCNH,1
2015,C,BCNH,1
2015,C,BCNH,1
2015,C,BCNH,2
2015,C,BCNH,1
2017,C,BCNH,1
2020,C,BCNH,1
2015,C,BCNH,1
2016,C,BCNH,1
2015,C,BCNH,1
2015,C,BCNH,1
2015,C,BCNH,1
2016,C,BCNH,1
2015,C,BCNH,1
2020,C,BCNH,3
2015,C,BCNH,3
2016,C,BCNH,1
2015,C,BCNH,1
2020,C,BCNH,1
2015,C,BCNH,1
2015,C,BCNH,1
2016,C,BCNH,1
2015,C,BCNH,1
2016,C,BCNH,1
2015,C,BCNH,1
2015,C,BCNH,2
2015,C,BCNH,3
2016,C,BCNH,2
2020,C,BCNH,1
2017,B,BCNH,1
2020,B,BCNH,1
2020,B,BCNH,1
2020,B,BCNH,1
2020,B,BCNH,1
2015,C,BCNH,1
2015,C,BCNH,1
2016,C,BCNH,1
2017,C,BCNH,1
2015,C,BCNH,1
2015,C,BCNH,1
2016,C,BCNH,1
2017,C,BCNH,1
2015,C,BCNH,1
2016,C,BCNH,1
2017,C,BCNH,1
2015,C,BCNH,1
2016,C,BCNH,2
2015,C,BCNH,1
2016,C,BCNH,1
2019,C,BCNH,1
2015,C,BCNH,1
2015,C,BCNH,1
2015,C,BCNH,1
2016,C,BCNH,2
2015,C,BCNH,1
2016,C,BCNH,1
2015,C,BCNH,2
2015,C,BCNH,1
2015,C,BCNH,1
2015,C,BCNH,1
2016,C,BCNH,1
2014,C,BCNH,1
2015,C,BCNH,2
2016,C,BCNH,3
2015,C,BCNH,1
2016,C,BCNH,1
2015,C,BCNH,1
2016,C,BCNH,3
2015,C,BCNH,1
2015,C,BCNH,1
2015,C,BCNH,1
2020,C,BCNH,2
2015,C,BCNH,2
2016,C,BCNH,1
2015,C,BCNH,1
2015,C,BCNH,1
2015,C,BCNH,1
2016,C,BCNH,1
2015,C,BCNH,1
2020,C,BCNH,2
2015,C,BCNH,1
2016,C,BCNH,1
2015,C,BCNH,1
2016,C,BCNH,1
2015,C,BCNH,3
2020,C,BCNH,2
2015,C,BCNH,3
2016,C,BCNH,2
2015,C,BCNH,3
2016,C,BCNH,1
2020,C,BCNH,1
2015,C,BCNH,2
2016,C,BCNH,2
2015,C,BCNH,1
2015,C,BCNH,1
2016,C,BCNH,1
2017,B,BCNH,2
2017,B,BCNH,1
2017,B,BCNH,2
2017,C,BCNH,1
2017,C,BCNH,1
2019,C,BCNH,1
2020,C,BCNH,1
2019,C,BCNH,1
2020,C,BCNH,2
2015,C,BCNH,2
2016,C,BCNH,3
2017,C,BCNH,2
2017,C,BCNH,1
2017,C,BCNH,1
2017,C,BCNH,1
2019,C,BCNH,1
2017,C,BCNH,1
2017,C,BCNH,2
2017,C,BCNH,1
2017,C,BCNH,1
2017,C,BCNH,1
2018,B,BCNH,2
2019,B,BCNH,2
2018,B,BCNH,2
2019,B,BCNH,1
2018,B,BCNH,3
2018,B,BCNH,3
2019,B,BCNH,1
2018,B,BCNH,2
2018,B,BCNH,3
2018,B,BCNH,1
2018,B,BCNH,1
2018,B,BCNH,3
2018,B,BCNH,4
2018,B,BCNH,2
2019,B,BCNH,1
2018,B,BCNH,9
2019,B,BCNH,1
2018,B,BCNH,4
2018,B,BCNH,3
2018,B,BCNH,3
2019,B,BCNH,1
2018,B,BCNH,1
2018,B,BCNH,1
2018,B,BCNH,3
2018,B,BCNH,1
2018,B,BCNH,1
2018,B,BCNH,1
2018,B,BCNH,4
2019,B,BCNH,2
2018,B,BCNH,1
2019,B,BCNH,1
2018,B,BCNH,1
2018,B,BCNH,4
2018,B,BCNH,1
2019,B,BCNH,2
2018,B,BCNH,1
2019,B,BCNH,1
2018,B,BCNH,1
2019,B,BCNH,1
2018,B,BCNH,2
2018,B,BCNH,1
2019,C,BCNH,1
2018,B,BCNH,1
2020,B,BCNH,1
2018,B,BCNH,1
2018,B,BCNH,2
2018,B,BCNH,3
2018,B,BCNH,2
2019,B,BCNH,1
2018,B,BCNH,1
2019,B,BCNH,1
2018,B,BCNH,1
2018,B,BCNH,1
2019,B,BCNH,1
2018,B,BCNH,1
2018,B,BCNH,1
2019,B,BCNH,2
2018,B,BCNH,1
2019,B,BCNH,2
2018,B,BCNH,1
2018,B,BCNH,1
2018,B,BCNH,1
2018,B,BCNH,1
2018,B,BCNH,1
2019,B,BCNH,1
2018,B,BCNH,3
2019,B,BCNH,1
2018,B,BCNH,2
2018,B,BCNH,1
2018,B,BCNH,4
2018,B,BCNH,1
2019,B,BCNH,4
2018,B,BCNH,2
2019,B,BCNH,1
2018,B,BCNH,2
2018,B,BCNH,2
2018,A,BCNH,1
2018,B,BCNH,1
2019,B,BCNH,1
2018,B,BCNH,4
2019,B,BCNH,1
2018,B,BCNH,2
2018,B,BCNH,1
2018,B,BCNH,1
2019,B,BCNH,2
2018,B,BCNH,1
2018,B,BCNH,1
2018,B,BCNH,1
2019,B,BCNH,2
2018,B,BCNH,2
2019,B,BCNH,3
2018,B,BCNH,3
2018,B,BCNH,1
2018,B,BCNH,1
2018,B,BCNH,1
2018,B,BCNH,1
2018,B,BCNH,2
2018,B,BCNH,1
2019,B,BCNH,1
2018,B,BCNH,4
2018,B,BCNH,1
2018,B,BCNH,2
2018,B,BCNH,6
2018,B,BCNH,1
2018,B,BCNH,1
2018,B,BCNH,2
2019,B,BCNH,2
2018,B,BCNH,2
2018,B,BCNH,2
2018,B,BCNH,1
2018,B,BCNH,6
2018,B,BCNH,1
2018,B,BCNH,2
2018,A,BCNH,1
2018,B,BCNH,1
2019,B,BCNH,1
2018,B,BCNH,1
2019,B,BCNH,1
2018,B,BCNH,1
2018,B,BCNH,1
2018,B,BCNH,1
2019,B,BCNH,2
2018,B,BCNH,1
2019,B,BCNH,1
2018,B,BCNH,1
2018,B,BCNH,1
2019,B,BCNH,1
2018,B,BCNH,1
2019,B,BCNH,1
2018,B,BCNH,2
2019,B,BCNH,3
2018,B,BCNH,2
2019,B,BCNH,3
2018,B,BCNH,1
2018,B,BCNH,1
2019,B,BCNH,1
2018,B,BCNH,1
2018,B,BCNH,5
2019,B,BCNH,1
2018,B,BCNH,1
2019,B,BCNH,1
2018,B,BCNH,1
2019,B,BCNH,1
2018,B,BCNH,1
2018,B,BCNH,1
2018,B,BCNH,1
2018,B,BCNH,1
2020,C,BCNH,1
2019,B,BCNH,1
2019,B,BCNH,1
2019,B,BCNH,1
2019,B,BCNH,1
2020,B,BCNH,1
2020,B,BCNH,1
2020,B,BCNH,2
2020,B,BCNH,1
2020,B,BCNH,1
2018,B,BCNH,1
2018,B,BCNH,2
2018,B,BCNH,7
2019,B,BCNH,2
2018,B,BCNH,1
2018,B,BCNH,2
2019,B,BCNH,1
2018,B,BCNH,1
2018,B,BCNH,2
2019,B,BCNH,1
2018,B,BCNH,3
2018,B,BCNH,2
2019,B,BCNH,1
2018,B,BCNH,1
2018,B,BCNH,2
2018,B,BCNH,2
2019,B,BCNH,1
2018,B,BCNH,1
2019,B,BCNH,1
2018,B,BCNH,6
2019,B,BCNH,3
2018,B,BCNH,1
2019,B,BCNH,1
2018,B,BCNH,1
2018,B,BCNH,1
2019,B,BCNH,1
2018,B,BCNH,1
2019,B,BCNH,1
2019,B,BCNH,1
2019,B,BCNH,1
2019,B,BCNH,1
2019,B,BCNH,1
2019,B,BCNH,1
2019,B,BCNH,1
2019,B,BCNH,1
2019,B,BCNH,1
2019,B,BCNH,1
2019,B,BCNH,1
2019,B,BCNH,1
2019,B,BCNH,1
2019,B,BCNH,1
2019,B,BCNH,1
2019,B,BCNH,1
2019,B,BCNH,2
2019,B,BCNH,2
2019,B,BCNH,2
2019,B,BCNH,1
2019,B,BCNH,1
2019,B,BCNH,2
2019,B,BCNH,1
2019,B,BCNH,1
2019,B,BCNH,2
2019,B,BCNH,3
2019,B,BCNH,1
2019,B,BCNH,2
2019,B,BCNH,5
2019,B,BCNH,1
2019,B,BCNH,1
2019,B,BCNH,2
2019,B,BCNH,2
2019,B,BCNH,1
2019,B,BCNH,2
2019,B,BCNH,1
2019,B,BCNH,1
2019,B,BCNH,1
2019,B,BCNH,2
2019,B,BCNH,6
2019,B,BCNH,4
2019,B,BCNH,2
2019,B,BCNH,2
2019,B,BCNH,2
2019,B,BCNH,1
2019,B,BCNH,3
2019,B,BCNH,5
2019,B,BCNH,1
2019,B,BCNH,3
2019,B,BCNH,3
2019,B,BCNH,10
2019,B,BCNH,1
2019,B,BCNH,2
2019,B,BCNH,2
2019,B,BCNH,1
2019,B,BCNH,2
2019,C,BCNH,2
2020,C,BCNH,1
2019,C,BCNH,1
2020,C,BCNH,1
2019,C,BCNH,1
2019,C,BCNH,1
2019,C,BCNH,1
2019,C,BCNH,1
2020,C,BCNH,1
2021,C,BCNH,1
2019,C,BCNH,1
2020,C,BCNH,7
2019,C,BCNH,3
2020,C,BCNH,2
2020,C,BCNH,1
2020,C,BCNH,1
2020,C,BCNH,1
2020,C,BCNH,1
2020,C,BCNH,2
2020,C,BCNH,1
2020,C,BCNH,1
2020,C,BCNH,1
2020,C,BCNH,1
2020,C,BCNH,3
2020,C,BCNH,1
2020,C,BCNH,2
2020,C,BCNH,1
2020,C,BCNH,1
2020,C,BCNH,2
2020,C,BCNH,1
2020,C,BCNH,1
2020,C,BCNH,1
2021,C,BCNH,1
2020,C,BCNH,1
2020,C,BCNH,2
2020,C,BCNH,2
2020,C,BCNH,1
2020,C,BCNH,1
2020,C,BCNH,1
2020,B,BCNH,1
2020,B,BCNH,1
2020,A,BCNH,2
2021,C,BCNH,1
2021,C,BCNH,1
2021,C,BCNH,1
2021,C,BCNH,1
2021,C,BCNH,1
2021,C,BCNH,1
2021,C,BCNH,1
2021,C,BCNH,1
2019,B,BCNH,2
2019,B,BCNH,2
2019,B,BCNH,1
2019,B,BCNH,4
2019,B,BCNH,2
2019,B,BCNH,1
2019,B,BCNH,2
2019,B,BCNH,2
2019,B,BCNH,1
2019,B,BCNH,1
2019,B,BCNH,1
2019,B,BCNH,1
2019,B,BCNH,1
2019,B,BCNH,1
2019,B,BCNH,1
2019,B,BCNH,1
